Product ID,Stock Available
1,True
2,False
3,False
4,False
5,True
6,False
7,False
8,False
9,True
10,True
11,False
12,True
13,False
14,True
15,False
16,True
17,False
18,False
19,True
20,False
21,False
22,True
23,False
24,True
25,False
26,False
27,False
28,True
29,True
30,False
31,False
32,True
33,False
34,False
35,False
36,False
37,False
38,True
39,True
40,False
41,False
42,False
43,False
44,True
45,False
46,True
47,False
48,True
49,False
50,False
51,True
52,True
53,True
54,True
55,False
56,False
57,False
58,False
59,False
60,False
61,True
62,False
63,True
64,False
65,False
66,False
67,False
68,False
69,False
70,False
71,False
72,True
73,True
74,False
75,False
76,True
77,False
78,False
79,False
80,False
81,False
82,False
83,True
84,False
85,False
86,True
87,True
88,True
89,True
90,True
91,True
92,False
93,True
94,False
95,False
96,True
97,True
98,False
99,False
100,True
101,False
102,True
103,False
104,True
105,True
106,True
107,False
108,False
109,False
110,True
111,False
112,False
113,True
114,False
115,True
116,False
117,False
118,False
119,False
120,True
121,False
122,False
123,False
124,True
125,True
126,True
127,True
128,True
129,False
130,False
131,True
132,False
133,False
134,True
135,True
136,True
137,False
138,True
139,False
140,False
141,True
142,False
143,True
144,True
145,False
146,False
147,True
148,True
149,False
150,False
151,False
152,True
153,False
154,False
155,False
156,False
157,True
158,True
159,False
160,True
161,True
162,False
163,False
164,True
165,False
166,False
167,True
168,False
169,True
170,True
171,False
172,False
173,False
174,False
175,False
176,False
177,False
178,True
179,False
180,True
181,False
182,False
183,False
184,True
185,False
186,False
187,True
188,False
189,False
190,False
191,False
192,False
193,True
194,False
195,False
196,False
197,True
198,False
199,True
200,True
201,False
202,False
203,True
204,False
205,False
206,False
207,True
208,False
209,False
210,False
211,False
212,False
213,True
214,True
215,True
216,False
217,False
218,False
219,False
220,True
221,False
222,True
223,True
224,False
225,True
226,True
227,False
228,False
229,True
230,True
231,False
232,False
233,True
234,True
235,False
236,True
237,False
238,True
239,True
240,False
241,False
242,True
243,True
244,False
245,False
246,False
247,True
248,False
249,True
250,True
251,False
252,False
253,True
254,False
255,True
256,False
257,True
258,False
259,False
260,False
261,True
262,True
263,False
264,True
265,True
266,False
267,False
268,False
269,True
270,True
271,False
272,True
273,False
274,True
275,True
276,True
277,True
278,True
279,False
280,False
281,True
282,True
283,False
284,True
285,True
286,False
287,False
288,True
289,True
290,False
291,False
292,False
293,False
294,True
295,True
296,False
297,False
298,False
299,False
300,False
301,False
302,True
303,False
304,False
305,True
306,False
307,False
308,False
309,False
310,False
311,False
312,False
313,False
314,False
315,False
316,False
317,True
318,True
319,True
320,False
321,True
322,False
323,False
324,False
325,False
326,False
327,False
328,True
329,True
330,True
331,True
332,True
333,True
334,False
335,True
336,False
337,False
338,False
339,True
340,True
341,False
342,True
343,True
344,True
345,False
346,False
347,True
348,False
349,False
350,False
351,False
352,True
353,True
354,False
355,False
356,True
357,False
358,False
359,True
360,True
361,False
362,True
363,True
364,False
365,False
366,True
367,False
368,False
369,True
370,False
371,False
372,True
373,True
374,True
375,True
376,False
377,True
378,False
379,False
380,True
381,False
382,True
383,False
384,False
385,True
386,True
387,False
388,True
389,False
390,False
391,False
392,True
393,False
394,True
395,False
396,True
397,True
398,False
399,True
400,True
401,False
402,False
403,False
404,False
405,True
406,False
407,True
408,True
409,False
410,True
411,True
412,False
413,True
414,False
415,False
416,True
417,False
418,False
419,False
420,False
421,False
422,True
423,False
424,True
425,False
426,False
427,False
428,True
429,False
430,False
431,True
432,False
433,False
434,False
435,True
436,False
437,False
438,False
439,True
440,False
441,False
442,True
443,True
444,True
445,True
446,True
447,True
448,False
449,True
450,False
451,True
452,True
453,False
454,False
455,True
456,False
457,True
458,False
459,True
460,False
461,False
462,True
463,False
464,True
465,True
466,False
467,False
468,True
469,False
470,True
471,False
472,True
473,True
474,False
475,True
476,True
477,False
478,False
479,True
480,False
481,False
482,False
483,False
484,False
485,True
486,True
487,False
488,False
489,True
490,False
491,True
492,False
493,False
494,False
495,False
496,False
497,True
498,False
499,False
500,False
501,True
502,True
503,True
504,False
505,True
506,True
507,False
508,True
509,True
510,False
511,False
512,True
513,True
514,True
515,True
516,True
517,True
518,True
519,True
520,False
521,False
522,False
523,True
524,True
525,True
526,False
527,False
528,False
529,True
530,True
531,False
532,False
533,True
534,False
535,False
536,True
537,True
538,False
539,True
540,False
541,False
542,False
543,False
544,False
545,False
546,False
547,False
548,True
549,False
550,False
551,True
552,True
553,True
554,True
555,True
556,True
557,True
558,False
559,True
560,False
561,True
562,True
563,True
564,False
565,True
566,False
567,True
568,False
569,False
570,True
571,True
572,True
573,False
574,False
575,False
576,True
577,True
578,False
579,False
580,True
581,False
582,False
583,True
584,True
585,True
586,True
587,False
588,False
589,True
590,True
591,True
592,True
593,False
594,True
595,False
596,True
597,True
598,True
599,True
600,False
601,True
602,False
603,False
604,False
605,True
606,False
607,False
608,True
609,False
610,False
611,False
612,True
613,True
614,False
615,True
616,True
617,True
618,True
619,False
620,False
621,True
622,True
623,False
624,True
625,False
626,False
627,True
628,False
629,True
630,False
631,True
632,False
633,False
634,False
635,True
636,False
637,True
638,False
639,True
640,False
641,True
642,False
643,False
644,True
645,True
646,True
647,True
648,True
649,False
650,False
651,False
652,True
653,True
654,False
655,True
656,False
657,True
658,True
659,False
660,True
661,True
662,False
663,True
664,True
665,True
666,True
667,True
668,False
669,False
670,False
671,False
672,False
673,False
674,False
675,True
676,False
677,False
678,True
679,True
680,True
681,True
682,False
683,False
684,False
685,True
686,False
687,True
688,False
689,True
690,True
691,True
692,False
693,False
694,True
695,True
696,False
697,False
698,True
699,True
700,False
701,True
702,True
703,False
704,False
705,True
706,True
707,False
708,False
709,True
710,True
711,True
712,True
713,True
714,True
715,False
716,False
717,False
718,False
719,False
720,False
721,True
722,False
723,True
724,False
725,True
726,False
727,True
728,True
729,True
730,True
731,True
732,False
733,False
734,False
735,False
736,True
737,False
738,True
739,True
740,False
741,False
742,False
743,True
744,False
745,True
746,True
747,False
748,True
749,False
750,True
751,True
752,False
753,False
754,False
755,False
756,False
757,True
758,True
759,True
760,True
761,True
762,False
763,True
764,True
765,False
766,False
767,True
768,False
769,False
770,False
771,False
772,True
773,True
774,True
775,False
776,True
777,True
778,False
779,False
780,False
781,False
782,True
783,False
784,False
785,False
786,True
787,False
788,False
789,True
790,True
791,True
792,True
793,False
794,True
795,True
796,True
797,False
798,True
799,False
800,True
801,False
802,False
803,True
804,False
805,False
806,False
807,False
808,True
809,False
810,True
811,False
812,False
813,False
814,True
815,False
816,True
817,False
818,True
819,False
820,False
821,False
822,True
823,True
824,True
825,True
826,False
827,False
828,True
829,False
830,True
831,True
832,False
833,True
834,True
835,False
836,True
837,True
838,True
839,True
840,True
841,False
842,False
843,False
844,True
845,False
846,False
847,True
848,True
849,False
850,True
851,True
852,False
853,True
854,True
855,True
856,True
857,True
858,True
859,False
860,False
861,True
862,True
863,False
864,False
865,False
866,False
867,True
868,True
869,False
870,True
871,True
872,False
873,False
874,True
875,False
876,True
877,False
878,False
879,True
880,False
881,False
882,False
883,False
884,False
885,False
886,True
887,False
888,False
889,True
890,True
891,True
892,False
893,True
894,False
895,False
896,True
897,False
898,True
899,False
900,True
901,False
902,False
903,True
904,False
905,False
906,True
907,False
908,True
909,False
910,True
911,True
912,False
913,False
914,False
915,True
916,True
917,True
918,True
919,False
920,True
921,True
922,True
923,False
924,False
925,False
926,False
927,False
928,False
929,False
930,True
931,False
932,True
933,True
934,True
935,True
936,True
937,False
938,True
939,False
940,False
941,True
942,True
943,False
944,True
945,False
946,True
947,False
948,True
949,False
950,True
951,True
952,True
953,True
954,False
955,True
956,False
957,True
958,False
959,False
960,False
961,False
962,True
963,False
964,True
965,True
966,True
967,False
968,True
969,True
970,True
971,True
972,False
973,True
974,True
975,False
976,True
977,False
978,True
979,True
980,False
981,False
982,False
983,True
984,True
985,False
986,True
987,False
988,True
989,False
990,False
991,True
992,False
993,False
994,True
995,False
996,False
997,False
998,True
999,True
1000,False
1001,True
1002,True
1003,True
1004,True
1005,False
1006,True
1007,False
1008,True
1009,False
1010,False
1011,False
1012,False
1013,True
1014,False
1015,False
1016,True
1017,True
1018,False
1019,False
1020,False
1021,True
1022,True
1023,False
1024,True
1025,True
1026,True
1027,True
1028,True
1029,True
1030,False
1031,True
1032,True
1033,True
1034,False
1035,True
1036,False
1037,False
1038,True
1039,True
1040,False
1041,False
1042,True
1043,False
1044,True
1045,False
1046,False
1047,True
1048,True
1049,False
1050,True
1051,True
1052,False
1053,False
1054,True
1055,True
1056,False
1057,True
1058,True
1059,False
1060,False
1061,True
1062,True
1063,True
1064,False
1065,False
1066,False
1067,False
1068,True
1069,False
1070,True
1071,True
1072,False
1073,True
1074,True
1075,True
1076,True
1077,True
1078,True
1079,True
1080,False
1081,False
1082,False
1083,True
1084,True
1085,False
1086,True
1087,True
1088,True
1089,True
1090,False
1091,True
1092,False
1093,False
1094,True
1095,False
1096,False
1097,False
1098,True
1099,False
1100,False
1101,False
1102,False
1103,True
1104,False
1105,True
1106,False
1107,True
1108,True
1109,False
1110,False
1111,False
1112,False
1113,False
1114,False
1115,False
1116,True
1117,True
1118,False
1119,True
1120,True
1121,True
1122,True
1123,True
1124,False
1125,True
1126,True
1127,True
1128,True
1129,True
1130,True
1131,False
1132,True
1133,False
1134,False
1135,False
1136,True
1137,False
1138,False
1139,False
1140,False
1141,True
1142,False
1143,True
1144,False
1145,True
1146,True
1147,False
1148,False
1149,True
1150,True
1151,True
1152,True
1153,True
1154,False
1155,True
1156,False
1157,False
1158,True
1159,True
1160,False
1161,True
1162,False
1163,False
1164,True
1165,False
1166,True
1167,False
1168,True
1169,False
1170,False
1171,False
1172,False
1173,False
1174,True
1175,False
1176,False
1177,False
1178,True
1179,True
1180,True
1181,True
1182,False
1183,False
1184,True
1185,False
1186,False
1187,True
1188,False
1189,True
1190,False
1191,False
1192,False
1193,True
1194,True
1195,True
1196,False
1197,True
1198,False
1199,False
1200,True
1201,False
1202,False
1203,False
1204,False
1205,False
1206,True
1207,True
1208,False
1209,False
1210,False
1211,False
1212,False
1213,False
1214,False
1215,False
1216,False
1217,False
1218,True
1219,False
1220,False
1221,True
1222,False
1223,False
1224,True
1225,False
1226,False
1227,False
1228,True
1229,False
1230,True
1231,False
1232,False
1233,True
1234,True
1235,True
1236,False
1237,True
1238,False
1239,False
1240,False
1241,False
1242,False
1243,False
1244,False
1245,False
1246,False
1247,True
1248,False
1249,True
1250,False
1251,False
1252,True
1253,True
1254,True
1255,False
1256,True
1257,True
1258,True
1259,False
1260,True
1261,True
1262,False
1263,True
1264,True
1265,True
1266,True
1267,False
1268,True
1269,False
1270,True
1271,False
1272,True
1273,True
1274,False
1275,False
1276,True
1277,True
1278,False
1279,True
1280,True
1281,False
1282,False
1283,True
1284,False
1285,True
1286,False
1287,False
1288,False
1289,False
1290,True
1291,False
1292,False
1293,True
1294,False
1295,False
1296,False
1297,True
1298,False
1299,True
1300,False
1301,True
1302,True
1303,True
1304,False
1305,True
1306,False
1307,False
1308,False
1309,True
1310,True
1311,False
1312,False
1313,False
1314,True
1315,False
1316,False
1317,False
1318,False
1319,False
1320,True
1321,True
1322,True
1323,False
1324,True
1325,True
1326,True
1327,False
1328,True
1329,False
1330,False
1331,False
1332,False
1333,False
1334,True
1335,True
1336,True
1337,False
1338,True
1339,True
1340,True
1341,False
1342,False
1343,True
1344,False
1345,False
1346,True
1347,False
1348,True
1349,False
1350,False
1351,True
1352,True
1353,True
1354,False
1355,True
1356,True
1357,True
1358,False
1359,True
1360,False
1361,False
1362,True
1363,True
1364,True
1365,True
1366,False
1367,False
1368,False
1369,False
1370,False
1371,False
1372,False
1373,True
1374,True
1375,True
1376,True
1377,False
1378,False
1379,False
1380,True
1381,True
1382,False
1383,True
1384,True
1385,True
1386,True
1387,True
1388,True
1389,False
1390,True
1391,True
1392,False
1393,False
1394,False
1395,False
1396,False
1397,True
1398,True
1399,True
1400,False
1401,True
1402,False
1403,True
1404,True
1405,True
1406,True
1407,False
1408,True
1409,False
1410,False
1411,False
1412,True
1413,True
1414,False
1415,False
1416,False
1417,True
1418,True
1419,True
1420,True
1421,False
1422,False
1423,False
1424,True
1425,True
1426,False
1427,True
1428,False
1429,True
1430,False
1431,True
1432,False
1433,False
1434,False
1435,False
1436,True
1437,False
1438,False
1439,False
1440,True
1441,True
1442,True
1443,True
1444,True
1445,False
1446,True
1447,False
1448,True
1449,False
1450,True
1451,False
1452,False
1453,True
1454,True
1455,False
1456,True
1457,False
1458,True
1459,False
1460,True
1461,False
1462,True
1463,False
1464,False
1465,False
1466,True
1467,True
1468,False
1469,True
1470,False
1471,False
1472,True
1473,True
1474,False
1475,False
1476,True
1477,False
1478,False
1479,False
1480,True
1481,False
1482,False
1483,True
1484,False
1485,False
1486,True
1487,False
1488,False
1489,True
1490,True
1491,False
1492,False
1493,False
1494,True
1495,True
1496,True
1497,False
1498,True
1499,False
1500,False
1501,True
1502,False
1503,True
1504,True
1505,False
1506,True
1507,True
1508,True
1509,False
1510,False
1511,False
1512,True
1513,True
1514,False
1515,False
1516,False
1517,True
1518,True
1519,True
1520,False
1521,True
1522,True
1523,False
1524,True
1525,True
1526,False
1527,False
1528,False
1529,True
1530,False
1531,True
1532,False
1533,False
1534,True
1535,True
1536,True
1537,False
1538,True
1539,False
1540,False
1541,False
1542,True
1543,True
1544,False
1545,False
1546,False
1547,True
1548,True
1549,False
1550,True
1551,True
1552,True
1553,True
1554,True
1555,False
1556,False
1557,True
1558,False
1559,True
1560,False
1561,True
1562,False
1563,False
1564,False
1565,False
1566,False
1567,True
1568,False
1569,True
1570,False
1571,True
1572,True
1573,True
1574,False
1575,True
1576,True
1577,False
1578,True
1579,True
1580,True
1581,True
1582,False
1583,True
1584,True
1585,False
1586,True
1587,True
1588,False
1589,True
1590,False
1591,False
1592,False
1593,False
1594,False
1595,True
1596,False
1597,False
1598,True
1599,False
1600,False
1601,False
1602,False
1603,True
1604,False
1605,False
1606,True
1607,True
1608,True
1609,True
1610,True
1611,False
1612,False
1613,False
1614,False
1615,False
1616,True
1617,True
1618,False
1619,False
1620,False
1621,False
1622,True
1623,True
1624,False
1625,True
1626,False
1627,True
1628,False
1629,True
1630,True
1631,False
1632,True
1633,True
1634,True
1635,False
1636,False
1637,True
1638,False
1639,False
1640,True
1641,False
1642,True
1643,True
1644,True
1645,True
1646,False
1647,True
1648,False
1649,False
1650,False
1651,False
1652,False
1653,False
1654,True
1655,True
1656,False
1657,False
1658,False
1659,True
1660,False
1661,True
1662,True
1663,False
1664,False
1665,False
1666,False
1667,True
1668,False
1669,False
1670,True
1671,True
1672,True
1673,True
1674,True
1675,False
1676,True
1677,False
1678,True
1679,False
1680,True
1681,True
1682,False
1683,False
1684,False
1685,True
1686,True
1687,False
1688,False
1689,True
1690,True
1691,True
1692,True
1693,False
1694,False
1695,True
1696,True
1697,True
1698,False
1699,False
1700,False
1701,True
1702,True
1703,True
1704,False
1705,True
1706,True
1707,True
1708,False
1709,False
1710,False
1711,False
1712,False
1713,True
1714,True
1715,True
1716,False
1717,True
1718,True
1719,True
1720,False
1721,True
1722,False
1723,True
1724,False
1725,False
1726,True
1727,False
1728,True
1729,False
1730,False
1731,False
1732,True
1733,True
1734,False
1735,True
1736,True
1737,True
1738,False
1739,True
1740,False
1741,False
1742,True
1743,True
1744,False
1745,False
1746,False
1747,False
1748,True
1749,False
1750,True
1751,True
1752,True
1753,False
1754,True
1755,False
1756,True
1757,True
1758,True
1759,True
1760,False
1761,False
1762,False
1763,False
1764,True
1765,True
1766,True
1767,False
1768,True
1769,False
1770,True
1771,False
1772,False
1773,True
1774,True
1775,True
1776,True
1777,False
1778,True
1779,False
1780,True
1781,True
1782,False
1783,False
1784,True
1785,False
1786,True
1787,True
1788,True
1789,True
1790,True
1791,False
1792,False
1793,True
1794,True
1795,True
1796,True
1797,True
1798,True
1799,False
1800,False
1801,False
1802,True
1803,False
1804,False
1805,True
1806,False
1807,True
1808,True
1809,True
1810,False
1811,False
1812,False
1813,True
1814,True
1815,False
1816,True
1817,True
1818,False
1819,False
1820,False
1821,True
1822,False
1823,False
1824,False
1825,False
1826,True
1827,True
1828,False
1829,True
1830,True
1831,True
1832,False
1833,True
1834,True
1835,True
1836,False
1837,False
1838,False
1839,False
1840,True
1841,True
1842,True
1843,True
1844,False
1845,False
1846,True
1847,True
1848,True
1849,False
1850,False
1851,True
1852,True
1853,False
1854,False
1855,True
1856,True
1857,False
1858,True
1859,False
1860,True
1861,True
1862,True
1863,False
1864,True
1865,False
1866,False
1867,False
1868,True
1869,True
1870,False
1871,False
1872,False
1873,False
1874,False
1875,False
1876,True
1877,False
1878,True
1879,True
1880,True
1881,False
1882,False
1883,True
1884,False
1885,False
1886,True
1887,True
1888,True
1889,True
1890,True
1891,False
1892,False
1893,True
1894,True
1895,False
1896,False
1897,False
1898,False
1899,False
1900,False
1901,False
1902,False
1903,True
1904,False
1905,True
1906,False
1907,False
1908,True
1909,False
1910,False
1911,False
1912,True
1913,True
1914,False
1915,False
1916,True
1917,False
1918,True
1919,True
1920,False
1921,True
1922,False
1923,False
1924,True
1925,True
1926,True
1927,True
1928,True
1929,True
1930,False
1931,True
1932,False
1933,True
1934,True
1935,False
1936,True
1937,True
1938,True
1939,False
1940,False
1941,False
1942,False
1943,False
1944,True
1945,False
1946,True
1947,False
1948,True
1949,True
1950,True
1951,False
1952,True
1953,False
1954,False
1955,False
1956,False
1957,True
1958,False
1959,False
1960,True
1961,True
1962,False
1963,True
1964,True
1965,False
1966,True
1967,True
1968,False
1969,True
1970,False
1971,True
1972,False
1973,False
1974,False
1975,False
1976,False
1977,False
1978,True
1979,False
1980,True
1981,False
1982,False
1983,False
1984,False
1985,True
1986,False
1987,False
1988,False
1989,False
1990,True
1991,False
1992,False
1993,False
1994,True
1995,False
1996,False
1997,False
1998,False
1999,False
2000,False
2001,True
2002,False
2003,True
2004,False
2005,True
2006,True
2007,False
2008,False
2009,False
2010,True
2011,False
2012,True
2013,True
2014,True
2015,False
2016,False
2017,False
2018,True
2019,True
2020,True
2021,True
2022,False
2023,True
2024,True
2025,False
2026,False
2027,True
2028,False
2029,False
2030,True
2031,False
2032,True
2033,True
2034,True
2035,False
2036,False
2037,True
2038,False
2039,False
2040,False
2041,False
2042,False
2043,True
2044,True
2045,True
2046,False
2047,False
2048,False
2049,False
2050,False
2051,False
2052,False
2053,True
2054,True
2055,True
2056,False
2057,True
2058,False
2059,True
2060,True
2061,False
2062,True
2063,True
2064,True
2065,False
2066,False
2067,False
2068,False
2069,False
2070,False
2071,True
2072,False
2073,True
2074,True
2075,True
2076,True
2077,False
2078,False
2079,False
2080,True
2081,False
2082,False
2083,False
2084,False
2085,True
2086,True
2087,False
2088,False
2089,True
2090,False
2091,True
2092,True
2093,True
2094,True
2095,False
2096,False
2097,False
2098,False
2099,True
2100,False
2101,True
2102,True
2103,True
2104,True
2105,True
2106,False
2107,True
2108,True
2109,True
2110,True
2111,False
2112,True
2113,True
2114,False
2115,True
2116,True
2117,False
2118,True
2119,True
2120,False
2121,False
2122,False
2123,True
2124,False
2125,False
2126,True
2127,True
2128,False
2129,False
2130,False
2131,False
2132,True
2133,False
2134,True
2135,True
2136,False
2137,True
2138,False
2139,False
2140,False
2141,True
2142,True
2143,False
2144,True
2145,False
2146,True
2147,False
2148,True
2149,False
2150,False
2151,False
2152,True
2153,False
2154,True
2155,True
2156,False
2157,False
2158,False
2159,False
2160,False
2161,True
2162,True
2163,True
2164,False
2165,True
2166,False
2167,True
2168,False
2169,False
2170,False
2171,False
2172,True
2173,True
2174,True
2175,True
2176,True
2177,True
2178,True
2179,False
2180,True
2181,False
2182,True
2183,True
2184,False
2185,True
2186,False
2187,True
2188,False
2189,False
2190,True
2191,True
2192,False
2193,False
2194,False
2195,True
2196,False
2197,True
2198,True
2199,False
2200,False
2201,False
2202,False
2203,False
2204,False
2205,False
2206,True
2207,True
2208,False
2209,True
2210,False
2211,False
2212,True
2213,True
2214,False
2215,False
2216,True
2217,True
2218,False
2219,True
2220,False
2221,False
2222,False
2223,True
2224,False
2225,False
2226,True
2227,True
2228,True
2229,False
2230,True
2231,False
2232,True
2233,True
2234,True
2235,True
2236,False
2237,True
2238,False
2239,True
2240,False
2241,False
2242,False
2243,True
2244,True
2245,False
2246,True
2247,False
2248,False
2249,False
2250,True
2251,True
2252,True
2253,False
2254,False
2255,False
2256,False
2257,True
2258,False
2259,True
2260,False
2261,False
2262,True
2263,True
2264,True
2265,False
2266,False
2267,True
2268,False
2269,False
2270,False
2271,False
2272,False
2273,True
2274,False
2275,False
2276,True
2277,True
2278,True
2279,False
2280,False
2281,True
2282,False
2283,False
2284,True
2285,False
2286,False
2287,False
2288,True
2289,False
2290,False
2291,True
2292,True
2293,False
2294,True
2295,True
2296,False
2297,False
2298,True
2299,True
2300,True
2301,False
2302,False
2303,False
2304,False
2305,False
2306,False
2307,True
2308,True
2309,True
2310,False
2311,True
2312,False
2313,False
2314,False
2315,True
2316,True
2317,False
2318,False
2319,True
2320,False
2321,True
2322,False
2323,False
2324,False
2325,True
2326,False
2327,True
2328,False
2329,True
2330,True
2331,True
2332,False
2333,True
2334,True
2335,False
2336,False
2337,False
2338,True
2339,False
2340,True
2341,False
2342,False
2343,True
2344,True
2345,False
2346,False
2347,False
2348,False
2349,True
2350,False
2351,True
2352,False
2353,False
2354,False
2355,False
2356,True
2357,False
2358,False
2359,False
2360,True
2361,False
2362,True
2363,True
2364,True
2365,False
2366,False
2367,True
2368,True
2369,True
2370,False
2371,True
2372,False
2373,False
2374,True
2375,True
2376,False
2377,False
2378,True
2379,False
2380,False
2381,True
2382,True
2383,False
2384,False
2385,False
2386,True
2387,False
2388,False
2389,False
2390,True
2391,True
2392,True
2393,False
2394,False
2395,False
2396,False
2397,True
2398,False
2399,True
2400,True
2401,False
2402,False
2403,False
2404,False
2405,False
2406,True
2407,True
2408,False
2409,True
2410,True
2411,True
2412,True
2413,False
2414,False
2415,False
2416,True
2417,False
2418,False
2419,True
2420,False
2421,True
2422,False
2423,True
2424,True
2425,False
2426,False
2427,False
2428,True
2429,True
2430,False
2431,True
2432,True
2433,True
2434,False
2435,False
2436,False
2437,True
2438,False
2439,False
2440,False
2441,True
2442,False
2443,False
2444,True
2445,False
2446,True
2447,True
2448,True
2449,True
2450,False
2451,True
2452,True
2453,False
2454,True
2455,True
2456,True
2457,True
2458,True
2459,False
2460,False
2461,False
2462,False
2463,True
2464,False
2465,False
2466,False
2467,False
2468,False
2469,False
2470,False
2471,False
2472,True
2473,False
2474,False
2475,True
2476,False
2477,False
2478,True
2479,False
2480,True
2481,True
2482,False
2483,False
2484,True
2485,True
2486,False
2487,True
2488,False
2489,True
2490,False
2491,False
2492,True
2493,True
2494,False
2495,True
2496,True
2497,False
2498,False
2499,False
2500,True
2501,False
2502,True
2503,False
2504,True
2505,True
2506,False
2507,False
2508,False
2509,False
2510,True
2511,False
2512,False
2513,True
2514,True
2515,True
2516,True
2517,False
2518,True
2519,False
2520,False
2521,True
2522,True
2523,False
2524,True
2525,False
2526,False
2527,False
2528,True
2529,False
2530,False
2531,False
2532,True
2533,False
2534,True
2535,True
2536,True
2537,True
2538,True
2539,False
2540,True
2541,True
2542,False
2543,False
2544,True
2545,False
2546,True
2547,True
2548,False
2549,True
2550,False
2551,True
2552,False
2553,True
2554,True
2555,False
2556,False
2557,True
2558,False
2559,True
2560,True
2561,False
2562,False
2563,True
2564,True
2565,True
2566,False
2567,True
2568,True
2569,True
2570,True
2571,True
2572,False
2573,False
2574,False
2575,False
2576,True
2577,True
2578,True
2579,False
2580,False
2581,False
2582,False
2583,True
2584,False
2585,True
2586,True
2587,True
2588,True
2589,True
2590,True
2591,False
2592,True
2593,True
2594,True
2595,False
2596,False
2597,True
2598,True
2599,False
2600,True
2601,False
2602,True
2603,True
2604,True
2605,False
2606,False
2607,False
2608,True
2609,True
2610,True
2611,False
2612,True
2613,False
2614,False
2615,False
2616,True
2617,False
2618,True
2619,False
2620,False
2621,True
2622,True
2623,False
2624,True
2625,True
2626,True
2627,True
2628,True
2629,True
2630,True
2631,True
2632,False
2633,False
2634,False
2635,False
2636,True
2637,True
2638,True
2639,True
2640,False
2641,False
2642,True
2643,True
2644,True
2645,True
2646,False
2647,True
2648,False
2649,False
2650,True
2651,False
2652,True
2653,False
2654,True
2655,False
2656,False
2657,False
2658,True
2659,True
2660,False
2661,False
2662,False
2663,True
2664,True
2665,True
2666,False
2667,False
2668,False
2669,False
2670,False
2671,True
2672,False
2673,False
2674,True
2675,True
2676,False
2677,False
2678,True
2679,False
2680,False
2681,False
2682,True
2683,True
2684,False
2685,True
2686,False
2687,True
2688,True
2689,False
2690,False
2691,True
2692,False
2693,True
2694,True
2695,False
2696,True
2697,True
2698,False
2699,True
2700,True
2701,True
2702,True
2703,True
2704,True
2705,False
2706,False
2707,False
2708,False
2709,True
2710,True
2711,True
2712,False
2713,True
2714,False
2715,False
2716,False
2717,True
2718,False
2719,False
2720,False
2721,False
2722,False
2723,False
2724,False
2725,False
2726,True
2727,True
2728,True
2729,True
2730,False
2731,False
2732,True
2733,True
2734,True
2735,False
2736,True
2737,False
2738,True
2739,False
2740,False
2741,False
2742,True
2743,False
2744,True
2745,True
2746,False
2747,False
2748,True
2749,True
2750,False
2751,True
2752,True
2753,False
2754,True
2755,False
2756,True
2757,True
2758,False
2759,False
2760,False
2761,True
2762,True
2763,False
2764,False
2765,True
2766,True
2767,True
2768,False
2769,False
2770,True
2771,True
2772,False
2773,True
2774,False
2775,True
2776,True
2777,False
2778,True
2779,True
2780,True
2781,False
2782,True
2783,True
2784,True
2785,False
2786,True
2787,True
2788,False
2789,False
2790,True
2791,False
2792,False
2793,False
2794,False
2795,False
2796,True
2797,False
2798,False
2799,False
2800,True
2801,True
2802,False
2803,False
2804,True
2805,True
2806,True
2807,False
2808,True
2809,False
2810,False
2811,True
2812,True
2813,True
2814,True
2815,True
2816,False
2817,False
2818,False
2819,False
2820,False
2821,False
2822,False
2823,True
2824,False
2825,True
2826,False
2827,False
2828,True
2829,True
2830,True
2831,True
2832,False
2833,True
2834,True
2835,True
2836,False
2837,True
2838,True
2839,False
2840,True
2841,False
2842,True
2843,False
2844,True
2845,True
2846,False
2847,False
2848,True
2849,False
2850,True
2851,False
2852,True
2853,True
2854,False
2855,True
2856,False
2857,True
2858,False
2859,True
2860,True
2861,True
2862,True
2863,True
2864,False
2865,False
2866,False
2867,False
2868,False
2869,False
2870,False
2871,False
2872,True
2873,False
2874,True
2875,True
2876,True
2877,False
2878,False
2879,True
2880,True
2881,True
2882,False
2883,True
2884,False
2885,True
2886,True
2887,False
2888,True
2889,True
2890,False
2891,False
2892,False
2893,True
2894,True
2895,True
2896,False
2897,True
2898,False
2899,False
2900,True
2901,False
2902,True
2903,True
2904,True
2905,True
2906,False
2907,True
2908,False
2909,False
2910,True
2911,False
2912,False
2913,False
2914,False
2915,True
2916,False
2917,False
2918,True
2919,True
2920,False
2921,False
2922,True
2923,True
2924,True
2925,True
2926,False
2927,True
2928,False
2929,True
2930,False
2931,False
2932,True
2933,True
2934,True
2935,True
2936,True
2937,True
2938,True
2939,False
2940,True
2941,True
2942,True
2943,False
2944,False
2945,True
2946,True
2947,True
2948,True
2949,False
2950,False
2951,False
2952,False
2953,True
2954,False
2955,True
2956,True
2957,False
2958,False
2959,False
2960,True
2961,False
2962,True
2963,False
2964,True
2965,False
2966,True
2967,True
2968,True
2969,False
2970,False
2971,True
2972,True
2973,False
2974,False
2975,True
2976,True
2977,False
2978,False
2979,True
2980,False
2981,True
2982,False
2983,False
2984,False
2985,False
2986,True
2987,True
2988,False
2989,False
2990,True
2991,False
2992,True
2993,True
2994,False
2995,False
2996,True
2997,True
2998,False
2999,True
3000,True
3001,True
3002,False
3003,True
3004,False
3005,False
3006,False
3007,False
3008,False
3009,False
3010,False
3011,True
3012,True
3013,False
3014,False
3015,True
3016,False
3017,True
3018,False
3019,True
3020,True
3021,True
3022,False
3023,False
3024,False
3025,False
3026,True
3027,True
3028,False
3029,True
3030,False
3031,True
3032,True
3033,True
3034,True
3035,True
3036,True
3037,True
3038,False
3039,False
3040,True
3041,True
3042,False
3043,False
3044,False
3045,False
3046,False
3047,True
3048,True
3049,True
3050,True
3051,False
3052,True
3053,True
3054,True
3055,False
3056,False
3057,False
3058,True
3059,True
3060,True
3061,False
3062,False
3063,False
3064,True
3065,True
3066,True
3067,True
3068,True
3069,False
3070,True
3071,True
3072,False
3073,False
3074,False
3075,True
3076,False
3077,True
3078,True
3079,True
3080,False
3081,True
3082,False
3083,False
3084,False
3085,True
3086,False
3087,False
3088,False
3089,False
3090,True
3091,False
3092,False
3093,True
3094,False
3095,True
3096,False
3097,False
3098,False
3099,True
3100,False
3101,False
3102,False
3103,True
3104,False
3105,False
3106,True
3107,True
3108,False
3109,True
3110,True
3111,True
3112,True
3113,True
3114,False
3115,True
3116,False
3117,False
3118,False
3119,True
3120,False
3121,False
3122,False
3123,True
3124,True
3125,False
3126,True
3127,True
3128,False
3129,False
3130,False
3131,True
3132,False
3133,True
3134,False
3135,True
3136,True
3137,True
3138,False
3139,True
3140,False
3141,True
3142,True
3143,True
3144,True
3145,False
3146,True
3147,False
3148,True
3149,True
3150,True
3151,False
3152,True
3153,False
3154,True
3155,True
3156,False
3157,False
3158,False
3159,False
3160,True
3161,False
3162,True
3163,True
3164,True
3165,False
3166,True
3167,False
3168,True
3169,True
3170,False
3171,True
3172,True
3173,True
3174,False
3175,False
3176,True
3177,False
3178,False
3179,True
3180,False
3181,False
3182,False
3183,False
3184,False
3185,False
3186,False
3187,False
3188,True
3189,False
3190,True
3191,False
3192,False
3193,False
3194,False
3195,False
3196,True
3197,False
3198,True
3199,True
3200,False
3201,True
3202,False
3203,True
3204,False
3205,True
3206,True
3207,False
3208,False
3209,True
3210,True
3211,False
3212,False
3213,False
3214,True
3215,False
3216,True
3217,True
3218,True
3219,False
3220,True
3221,True
3222,True
3223,False
3224,True
3225,False
3226,True
3227,True
3228,False
3229,False
3230,True
3231,False
3232,False
3233,False
3234,True
3235,True
3236,True
3237,False
3238,True
3239,True
3240,True
3241,False
3242,True
3243,False
3244,True
3245,False
3246,False
3247,True
3248,False
3249,True
3250,True
3251,True
3252,True
3253,False
3254,True
3255,False
3256,False
3257,False
3258,True
3259,False
3260,True
3261,True
3262,False
3263,True
3264,True
3265,True
3266,True
3267,False
3268,False
3269,True
3270,False
3271,False
3272,False
3273,True
3274,False
3275,False
3276,False
3277,True
3278,True
3279,False
3280,False
3281,False
3282,False
3283,False
3284,True
3285,False
3286,True
3287,False
3288,True
3289,False
3290,True
3291,False
3292,True
3293,False
3294,True
3295,True
3296,False
3297,False
3298,True
3299,False
3300,False
3301,False
3302,False
3303,True
3304,True
3305,True
3306,True
3307,False
3308,False
3309,False
3310,False
3311,False
3312,True
3313,True
3314,False
3315,False
3316,True
3317,True
3318,False
3319,True
3320,False
3321,False
3322,True
3323,True
3324,True
3325,True
3326,False
3327,True
3328,False
3329,True
3330,False
3331,True
3332,True
3333,True
3334,True
3335,False
3336,False
3337,False
3338,False
3339,True
3340,True
3341,True
3342,False
3343,False
3344,False
3345,False
3346,False
3347,True
3348,True
3349,True
3350,False
3351,False
3352,False
3353,False
3354,False
3355,True
3356,False
3357,True
3358,True
3359,False
3360,True
3361,False
3362,True
3363,True
3364,True
3365,False
3366,True
3367,True
3368,False
3369,False
3370,True
3371,False
3372,False
3373,True
3374,True
3375,False
3376,True
3377,True
3378,True
3379,False
3380,False
3381,False
3382,False
3383,False
3384,False
3385,True
3386,True
3387,False
3388,True
3389,False
3390,False
3391,True
3392,True
3393,False
3394,False
3395,True
3396,False
3397,False
3398,False
3399,False
3400,False
3401,True
3402,False
3403,True
3404,True
3405,False
3406,True
3407,True
3408,False
3409,True
3410,True
3411,True
3412,False
3413,False
3414,True
3415,True
3416,False
3417,True
3418,False
3419,False
3420,True
3421,False
3422,False
3423,False
3424,True
3425,True
3426,True
3427,True
3428,True
3429,True
3430,True
3431,False
3432,True
3433,True
3434,False
3435,True
3436,True
3437,False
3438,True
3439,True
3440,True
3441,True
3442,False
3443,True
3444,False
3445,True
3446,True
3447,False
3448,True
3449,False
3450,False
3451,False
3452,True
3453,True
3454,False
3455,False
3456,True
3457,False
3458,False
3459,False
3460,True
3461,True
3462,False
3463,False
3464,True
3465,False
3466,True
3467,False
3468,False
3469,True
3470,False
3471,False
3472,True
3473,True
3474,False
3475,False
3476,True
3477,False
3478,True
3479,True
3480,False
3481,True
3482,True
3483,False
3484,False
3485,False
3486,True
3487,True
3488,True
3489,False
3490,False
3491,False
3492,False
3493,False
3494,True
3495,True
3496,False
3497,False
3498,False
3499,False
3500,True
3501,True
3502,True
3503,False
3504,False
3505,True
3506,False
3507,False
3508,True
3509,True
3510,True
3511,False
3512,False
3513,True
3514,False
3515,True
3516,False
3517,True
3518,True
3519,False
3520,False
3521,True
3522,True
3523,True
3524,True
3525,True
3526,True
3527,True
3528,False
3529,True
3530,True
3531,True
3532,True
3533,False
3534,False
3535,True
3536,False
3537,True
3538,False
3539,False
3540,True
3541,True
3542,True
3543,True
3544,False
3545,False
3546,False
3547,True
3548,False
3549,False
3550,False
3551,False
3552,True
3553,False
3554,False
3555,False
3556,False
3557,True
3558,True
3559,False
3560,False
3561,True
3562,False
3563,True
3564,False
3565,False
3566,True
3567,False
3568,True
3569,False
3570,False
3571,True
3572,False
3573,True
3574,False
3575,True
3576,False
3577,False
3578,True
3579,True
3580,True
3581,True
3582,True
3583,True
3584,False
3585,True
3586,True
3587,False
3588,True
3589,True
3590,False
3591,False
3592,True
3593,False
3594,True
3595,False
3596,False
3597,True
3598,True
3599,False
3600,False
3601,True
3602,False
3603,False
3604,True
3605,True
3606,True
3607,False
3608,True
3609,True
3610,True
3611,True
3612,True
3613,True
3614,True
3615,True
3616,False
3617,False
3618,False
3619,True
3620,False
3621,False
3622,True
3623,True
3624,True
3625,True
3626,True
3627,False
3628,False
3629,True
3630,True
3631,False
3632,True
3633,True
3634,True
3635,False
3636,False
3637,False
3638,True
3639,False
3640,True
3641,False
3642,True
3643,True
3644,False
3645,True
3646,False
3647,True
3648,False
3649,True
3650,True
3651,True
3652,False
3653,True
3654,False
3655,False
3656,False
3657,True
3658,True
3659,True
3660,False
3661,True
3662,False
3663,True
3664,False
3665,True
3666,False
3667,True
3668,True
3669,True
3670,False
3671,False
3672,False
3673,True
3674,True
3675,True
3676,True
3677,True
3678,False
3679,False
3680,True
3681,True
3682,True
3683,False
3684,True
3685,False
3686,False
3687,False
3688,False
3689,True
3690,False
3691,False
3692,False
3693,True
3694,False
3695,False
3696,True
3697,True
3698,False
3699,True
3700,True
3701,True
3702,True
3703,False
3704,False
3705,False
3706,True
3707,True
3708,True
3709,True
3710,True
3711,True
3712,True
3713,False
3714,True
3715,False
3716,True
3717,True
3718,False
3719,True
3720,True
3721,False
3722,True
3723,False
3724,True
3725,False
3726,False
3727,False
3728,True
3729,True
3730,True
3731,False
3732,False
3733,False
3734,False
3735,False
3736,False
3737,False
3738,True
3739,True
3740,False
3741,True
3742,True
3743,False
3744,False
3745,True
3746,False
3747,False
3748,False
3749,False
3750,False
3751,False
3752,True
3753,True
3754,True
3755,True
3756,True
3757,False
3758,False
3759,True
3760,True
3761,False
3762,False
3763,True
3764,False
3765,True
3766,False
3767,False
3768,True
3769,True
3770,True
3771,True
3772,True
3773,True
3774,False
3775,False
3776,True
3777,False
3778,False
3779,True
3780,True
3781,True
3782,True
3783,False
3784,False
3785,True
3786,True
3787,False
3788,True
3789,True
3790,False
3791,False
3792,False
3793,True
3794,False
3795,True
3796,False
3797,True
3798,True
3799,True
3800,True
3801,False
3802,False
3803,True
3804,False
3805,True
3806,True
3807,True
3808,False
3809,False
3810,False
3811,True
3812,True
3813,False
3814,False
3815,True
3816,False
3817,False
3818,True
3819,True
3820,True
3821,False
3822,False
3823,False
3824,False
3825,False
3826,True
3827,False
3828,True
3829,False
3830,False
3831,False
3832,False
3833,False
3834,True
3835,True
3836,False
3837,False
3838,True
3839,True
3840,False
3841,False
3842,True
3843,False
3844,True
3845,True
3846,False
3847,True
3848,False
3849,False
3850,True
3851,True
3852,True
3853,True
3854,True
3855,False
3856,True
3857,True
3858,False
3859,True
3860,False
3861,True
3862,False
3863,True
3864,True
3865,False
3866,False
3867,True
3868,True
3869,False
3870,True
3871,True
3872,False
3873,False
3874,True
3875,False
3876,False
3877,True
3878,False
3879,False
3880,False
3881,True
3882,True
3883,False
3884,False
3885,False
3886,True
3887,False
3888,True
3889,False
3890,False
3891,True
3892,True
3893,False
3894,True
3895,True
3896,True
3897,False
3898,False
3899,False
3900,True
3901,True
3902,False
3903,True
3904,True
3905,False
3906,True
3907,False
3908,False
3909,True
3910,False
3911,True
3912,True
3913,True
3914,False
3915,False
3916,False
3917,False
3918,False
3919,False
3920,False
3921,True
3922,True
3923,False
3924,False
3925,True
3926,False
3927,False
3928,True
3929,False
3930,False
3931,False
3932,False
3933,False
3934,False
3935,False
3936,False
3937,False
3938,False
3939,False
3940,True
3941,False
3942,True
3943,True
3944,False
3945,True
3946,True
3947,False
3948,False
3949,True
3950,False
3951,True
3952,False
3953,False
3954,False
3955,True
3956,True
3957,False
3958,False
3959,False
3960,True
3961,False
3962,True
3963,False
3964,False
3965,False
3966,False
3967,True
3968,True
3969,False
3970,False
3971,True
3972,False
3973,True
3974,True
3975,False
3976,True
3977,False
3978,False
3979,False
3980,False
3981,False
3982,False
3983,False
3984,True
3985,True
3986,False
3987,True
3988,True
3989,False
3990,True
3991,False
3992,True
3993,False
3994,False
3995,True
3996,True
3997,False
3998,True
3999,False
4000,True
4001,True
4002,False
4003,False
4004,False
4005,False
4006,False
4007,False
4008,False
4009,False
4010,True
4011,True
4012,True
4013,True
4014,True
4015,False
4016,True
4017,False
4018,True
4019,False
4020,False
4021,True
4022,False
4023,True
4024,True
4025,False
4026,True
4027,False
4028,True
4029,False
4030,True
4031,True
4032,True
4033,False
4034,False
4035,False
4036,True
4037,False
4038,True
4039,True
4040,True
4041,True
4042,True
4043,True
4044,False
4045,True
4046,False
4047,False
4048,True
4049,True
4050,False
4051,True
4052,False
4053,False
4054,True
4055,True
4056,True
4057,False
4058,False
4059,True
4060,True
4061,True
4062,False
4063,True
4064,False
4065,False
4066,True
4067,False
4068,True
4069,False
4070,True
4071,False
4072,False
4073,False
4074,False
4075,False
4076,False
4077,False
4078,False
4079,False
4080,False
4081,False
4082,True
4083,True
4084,True
4085,False
4086,False
4087,False
4088,False
4089,False
4090,True
4091,True
4092,True
4093,False
4094,True
4095,True
4096,False
4097,True
4098,False
4099,False
4100,False
4101,False
4102,True
4103,False
4104,True
4105,False
4106,True
4107,True
4108,False
4109,False
4110,False
4111,True
4112,True
4113,False
4114,False
4115,False
4116,False
4117,False
4118,False
4119,True
4120,False
4121,True
4122,False
4123,True
4124,True
4125,False
4126,True
4127,True
4128,False
4129,True
4130,True
4131,True
4132,True
4133,True
4134,True
4135,True
4136,True
4137,True
4138,False
4139,True
4140,False
4141,False
4142,True
4143,True
4144,False
4145,False
4146,True
4147,True
4148,True
4149,False
4150,False
4151,True
4152,False
4153,True
4154,True
4155,True
4156,True
4157,False
4158,False
4159,True
4160,True
4161,False
4162,True
4163,True
4164,False
4165,True
4166,False
4167,False
4168,True
4169,False
4170,False
4171,False
4172,True
4173,False
4174,True
4175,True
4176,True
4177,True
4178,True
4179,False
4180,True
4181,True
4182,False
4183,True
4184,True
4185,False
4186,False
4187,False
4188,False
4189,False
4190,False
4191,True
4192,True
4193,True
4194,False
4195,True
4196,True
4197,True
4198,False
4199,False
4200,True
4201,True
4202,False
4203,False
4204,False
4205,True
4206,True
4207,True
4208,False
4209,True
4210,True
4211,False
4212,True
4213,False
4214,False
4215,False
4216,False
4217,False
4218,False
4219,True
4220,True
4221,True
4222,True
4223,False
4224,False
4225,True
4226,True
4227,True
4228,True
4229,True
4230,False
4231,False
4232,True
4233,False
4234,False
4235,False
4236,True
4237,False
4238,True
4239,False
4240,True
4241,False
4242,False
4243,False
4244,True
4245,True
4246,False
4247,False
4248,True
4249,False
4250,False
4251,False
4252,True
4253,True
4254,False
4255,True
4256,False
4257,False
4258,True
4259,True
4260,True
4261,True
4262,False
4263,True
4264,False
4265,True
4266,True
4267,False
4268,True
4269,True
4270,False
4271,False
4272,False
4273,False
4274,False
4275,True
4276,True
4277,True
4278,False
4279,False
4280,False
4281,False
4282,False
4283,True
4284,False
4285,False
4286,True
4287,True
4288,False
4289,True
4290,True
4291,True
4292,False
4293,True
4294,True
4295,True
4296,True
4297,False
4298,True
4299,True
4300,True
4301,False
4302,False
4303,True
4304,False
4305,False
4306,False
4307,True
4308,False
4309,True
4310,True
4311,True
4312,False
4313,False
4314,False
4315,False
4316,False
4317,True
4318,True
4319,True
4320,True
4321,False
4322,False
4323,True
4324,True
4325,False
4326,False
4327,False
4328,True
4329,True
4330,False
4331,True
4332,True
4333,False
4334,False
4335,False
4336,True
4337,False
4338,True
4339,False
4340,True
4341,True
4342,False
4343,False
4344,True
4345,False
4346,True
4347,False
4348,True
4349,False
4350,True
4351,True
4352,True
4353,False
4354,True
4355,False
4356,True
4357,True
4358,False
4359,False
4360,False
4361,False
4362,True
4363,False
4364,False
4365,False
4366,False
4367,True
4368,False
4369,False
4370,False
4371,False
4372,True
4373,True
4374,True
4375,False
4376,False
4377,True
4378,False
4379,True
4380,True
4381,False
4382,False
4383,False
4384,False
4385,True
4386,False
4387,False
4388,True
4389,False
4390,False
4391,False
4392,False
4393,False
4394,True
4395,False
4396,False
4397,True
4398,False
4399,True
4400,True
4401,False
4402,False
4403,False
4404,True
4405,False
4406,False
4407,False
4408,False
4409,True
4410,True
4411,True
4412,False
4413,True
4414,False
4415,True
4416,False
4417,True
4418,False
4419,True
4420,True
4421,True
4422,True
4423,False
4424,True
4425,False
4426,False
4427,False
4428,False
4429,True
4430,True
4431,True
4432,True
4433,False
4434,False
4435,True
4436,False
4437,False
4438,True
4439,True
4440,True
4441,True
4442,False
4443,True
4444,True
4445,True
4446,False
4447,False
4448,False
4449,False
4450,True
4451,True
4452,True
4453,False
4454,True
4455,True
4456,False
4457,True
4458,True
4459,False
4460,False
4461,True
4462,False
4463,True
4464,True
4465,True
4466,False
4467,True
4468,True
4469,True
4470,False
4471,False
4472,True
4473,True
4474,True
4475,False
4476,False
4477,False
4478,False
4479,True
4480,False
4481,True
4482,False
4483,True
4484,True
4485,False
4486,False
4487,True
4488,False
4489,True
4490,True
4491,True
4492,False
4493,False
4494,True
4495,False
4496,True
4497,True
4498,False
4499,False
4500,True
4501,False
4502,False
4503,False
4504,True
4505,True
4506,False
4507,True
4508,True
4509,True
4510,True
4511,False
4512,False
4513,False
4514,True
4515,True
4516,False
4517,True
4518,True
4519,False
4520,False
4521,False
4522,True
4523,True
4524,False
4525,False
4526,True
4527,True
4528,False
4529,True
4530,True
4531,True
4532,False
4533,True
4534,True
4535,False
4536,True
4537,True
4538,False
4539,True
4540,True
4541,False
4542,False
4543,False
4544,False
4545,False
4546,False
4547,True
4548,True
4549,False
4550,False
4551,False
4552,True
4553,True
4554,True
4555,True
4556,True
4557,True
4558,True
4559,True
4560,False
4561,False
4562,False
4563,False
4564,True
4565,True
4566,False
4567,False
4568,False
4569,False
4570,False
4571,True
4572,False
4573,False
4574,True
4575,True
4576,False
4577,False
4578,False
4579,False
4580,False
4581,False
4582,True
4583,True
4584,True
4585,True
4586,False
4587,False
4588,True
4589,True
4590,True
4591,True
4592,True
4593,True
4594,False
4595,True
4596,False
4597,False
4598,True
4599,False
4600,False
4601,True
4602,False
4603,False
4604,False
4605,True
4606,False
4607,False
4608,True
4609,False
4610,False
4611,True
4612,True
4613,False
4614,False
4615,True
4616,True
4617,False
4618,False
4619,True
4620,True
4621,True
4622,False
4623,True
4624,False
4625,False
4626,False
4627,False
4628,True
4629,True
4630,True
4631,False
4632,False
4633,True
4634,True
4635,True
4636,False
4637,True
4638,False
4639,True
4640,False
4641,False
4642,False
4643,True
4644,False
4645,False
4646,False
4647,True
4648,False
4649,True
4650,True
4651,True
4652,True
4653,False
4654,True
4655,False
4656,False
4657,False
4658,False
4659,False
4660,False
4661,False
4662,False
4663,False
4664,False
4665,False
4666,False
4667,True
4668,True
4669,True
4670,True
4671,False
4672,False
4673,False
4674,True
4675,False
4676,True
4677,False
4678,True
4679,True
4680,True
4681,True
4682,True
4683,True
4684,True
4685,True
4686,False
4687,True
4688,True
4689,True
4690,False
4691,True
4692,False
4693,True
4694,True
4695,False
4696,True
4697,True
4698,True
4699,False
4700,True
4701,False
4702,True
4703,False
4704,True
4705,True
4706,True
4707,True
4708,False
4709,False
4710,False
4711,False
4712,True
4713,False
4714,True
4715,True
4716,False
4717,True
4718,True
4719,True
4720,False
4721,True
4722,False
4723,False
4724,False
4725,True
4726,False
4727,True
4728,False
4729,True
4730,False
4731,False
4732,False
4733,True
4734,False
4735,False
4736,False
4737,False
4738,True
4739,False
4740,False
4741,True
4742,True
4743,False
4744,False
4745,True
4746,True
4747,False
4748,False
4749,True
4750,False
4751,True
4752,False
4753,False
4754,False
4755,True
4756,False
4757,True
4758,False
4759,False
4760,False
4761,False
4762,True
4763,True
4764,True
4765,True
4766,False
4767,True
4768,True
4769,False
4770,True
4771,False
4772,False
4773,True
4774,True
4775,True
4776,True
4777,True
4778,True
4779,True
4780,False
4781,False
4782,True
4783,False
4784,True
4785,True
4786,False
4787,True
4788,False
4789,False
4790,True
4791,False
4792,True
4793,False
4794,False
4795,False
4796,False
4797,True
4798,False
4799,True
4800,True
4801,False
4802,True
4803,False
4804,True
4805,False
4806,False
4807,True
4808,False
4809,False
4810,True
4811,False
4812,False
4813,True
4814,True
4815,False
4816,True
4817,False
4818,False
4819,True
4820,True
4821,True
4822,False
4823,True
4824,True
4825,True
4826,False
4827,True
4828,True
4829,True
4830,False
4831,False
4832,False
4833,True
4834,True
4835,False
4836,True
4837,True
4838,False
4839,True
4840,True
4841,True
4842,True
4843,False
4844,False
4845,False
4846,False
4847,True
4848,False
4849,True
4850,False
4851,False
4852,False
4853,False
4854,True
4855,False
4856,False
4857,True
4858,False
4859,False
4860,True
4861,False
4862,True
4863,False
4864,True
4865,False
4866,False
4867,True
4868,True
4869,True
4870,False
4871,True
4872,False
4873,True
4874,True
4875,True
4876,True
4877,False
4878,False
4879,True
4880,False
4881,False
4882,True
4883,False
4884,True
4885,False
4886,True
4887,False
4888,True
4889,True
4890,True
4891,True
4892,False
4893,False
4894,False
4895,True
4896,True
4897,True
4898,True
4899,False
4900,False
4901,False
4902,True
4903,True
4904,False
4905,True
4906,False
4907,False
4908,False
4909,True
4910,True
4911,True
4912,True
4913,True
4914,False
4915,False
4916,False
4917,True
4918,False
4919,True
4920,False
4921,True
4922,True
4923,False
4924,True
4925,False
4926,False
4927,False
4928,True
4929,True
4930,False
4931,False
4932,True
4933,True
4934,False
4935,True
4936,True
4937,False
4938,False
4939,True
4940,True
4941,True
4942,False
4943,False
4944,True
4945,False
4946,True
4947,False
4948,False
4949,True
4950,False
4951,True
4952,False
4953,True
4954,False
4955,True
4956,True
4957,True
4958,True
4959,True
4960,True
4961,True
4962,True
4963,False
4964,True
4965,False
4966,False
4967,False
4968,True
4969,True
4970,True
4971,True
4972,False
4973,True
4974,False
4975,True
4976,True
4977,False
4978,True
4979,False
4980,True
4981,True
4982,True
4983,False
4984,False
4985,False
4986,True
4987,False
4988,False
4989,True
4990,False
4991,True
4992,False
4993,True
4994,True
4995,True
4996,False
4997,False
4998,True
4999,False
5000,False
